{"Arab World":1104.0812253599997,"Caribbean small states":1375.4708596400003,"Central Europe and the Baltics":1458.9785337199999,"East Asia & Pacific (all income levels)":1251.3645751499998,"East Asia & Pacific (developing only)":1217.4074348200002,"Euro area":1496.76469565,"Europe & Central Asia (all income levels)":1446.8755936800003,"Europe & Central Asia (developing only)":1345.8720490399999,"European Union":1492.83798231,"Fragile and conflict affected situations":983.9655050900002,"Heavily indebted poor countries (HIPC)":916.0885471500001,"High income":1474.1548723,"High income: nonOECD":1410.81354969,"High income: OECD":1491.0937827200003,"Latin America & Caribbean (all income levels)":1267.03077408,"Latin America & Caribbean (developing only)":1240.8117689400003,"Least developed countries: UN classification":928.0199909699999,"Low & middle income":1134.9737871199998,"Low income":905.4031325000001,"Lower middle income":1070.95632059,"Middle East & North Africa (all income levels)":1113.2177091100002,"Middle East & North Africa (developing only)":1102.1713529899998,"Middle income":1153.59518277,"North America":1500.5675818999998,"OECD members":1464.30795803,"Other small states":1042.73428123,"Pacific island small states":1217.31444973,"Small states":1170.0650639300004,"South Asia":1010.63718355,"Sub-Saharan Africa (all income levels)":929.7759076699999,"Sub-Saharan Africa (developing only)":929.85811741,"Upper middle income":1231.02452908,"World":1229.9390941400002,"Afghanistan":773.6676829299998,"Albania":1406.7529512099998,"Algeria":1068.93617075,"Angola":774.88317072,"Antigua and Barbuda":1373.47665855,"Argentina":1405.44341463,"Armenia":1452.6205609599997,"Aruba":1449.9051707400001,"Australia":1507.5756097600001,"Austria":1480.31707319,"Azerbaijan":1341.30553658,"\"Bahamas, The\"":1381.0735366000001,"Bahrain":1315.51865855,"Bangladesh":1023.68380488,"Barbados":1365.9778292499998,"Belarus":1462.0167804799999,"Belgium":1498.07414633,"Belize":1369.3228536400002,"Benin":888.97514633,"Bhutan":791.7055121799998,"Bolivia":961.8844146400002,"Bosnia and Herzegovina":1382.74782927,"Botswana":1154.34531708,"Brazil":1232.73204879,"Brunei Darussalam":1402.49051218,"Bulgaria":1487.44292684,"Burkina Faso":828.06856099,"Burundi":924.3941463199999,"Cabo Verde":1134.70629271,"Cambodia":733.2109024499999,"Cameroon":970.9197317100001,"Canada":1529.07414633,"Central African Republic":888.80246341,"Chad":867.6932439,"Channel Islands":1507.8534878,"Chile":1317.56539023,"China":1230.2393170599998,"Colombia":1279.9796829099998,"Comoros":960.3370244,"\"Congo, Dem. Rep.\"":917.7066341300001,"\"Congo, Rep.\"":1112.94780488,"Costa Rica":1395.6397073,"Cote d'Ivoire":921.24873169,"Croatia":1429.0945609699997,"Cuba":1459.52756098,"Cyprus":1520.33095121,"Czech Republic":1474.027561,"Denmark":1538.74853657,"Djibouti":1028.39078049,"Dominican Republic":1220.23919511,"Ecuador":1218.0271707099998,"\"Egypt, Arab Rep.\"":1105.55621951,"El Salvador":1140.30070733,"Equatorial Guinea":836.10202441,"Eritrea":849.40612197,"Estonia":1455.95668292,"Ethiopia":889.1563414500001,"Fiji":1254.5713902300001,"Finland":1480.3087804999998,"France":1508.6268292599998,"French Polynesia":1265.3126585299997,"Gabon":981.4255853699998,"\"Gambia, The\"":804.9670243799999,"Georgia":1405.64353659,"Germany":1486.8118293,"Ghana":1034.3969756000001,"Greece":1489.7669268400002,"Grenada":1331.56000002,"Guam":1378.77126827,"Guatemala":1086.96597562,"Guinea":781.8468780400001,"Guinea-Bissau":827.02960975,"Guyana":1232.3310243800001,"Haiti":934.6355853599999,"Honduras":1047.31687805,"\"Hong Kong SAR, China\"":1417.9876829199998,"Hungary":1384.2741463299997,"Iceland":1489.2432926799997,"India":947.2856341400002,"Indonesia":1082.68763413,"\"Iran, Islamic Rep.\"":1015.6486097600001,"Iraq":1133.01173171,"Ireland":1419.51,"Italy":1428.14146342,"Jamaica":1354.93546341,"Japan":1445.55609757,"Jordan":1192.43909756,"Kazakhstan":1235.91687805,"Kenya":1038.39334147,"Kiribati":1073.94765856,"\"Korea, Dem. Rep.\"":1166.6960243799997,"\"Korea, Rep.\"":1202.5839268500001,"Kuwait":1310.5009024200003,"Kyrgyz Republic":1195.0092682800002,"Lao PDR":920.8844146199999,"Latvia":1395.76878049,"Lebanon":1316.0444877900002,"Lesotho":985.8186341500001,"Liberia":789.0008536499998,"Libya":1094.2317317099998,"Lithuania":1417.3126829199996,"Luxembourg":1401.0549512000002,"\"Macao SAR, China\"":1373.29958535,"\"Macedonia, FYR\"":1309.9956829300002,"Madagascar":889.64553659,"Malawi":813.2447560899999,"Malaysia":1280.3825121799998,"Maldives":881.74495122,"Mali":651.64134146,"Malta":1405.05126831,"Mauritania":974.93607318,"Mauritius":1260.66185366,"Mexico":1228.13114635,"\"Micronesia, Fed. Sts.\"":1229.0327074,"Moldova":1282.7571463200002,"Mongolia":1083.4426097500002,"Montenegro":1380.00841463,"Morocco":1047.41026829,"Mozambique":779.42014636,"Myanmar":992.8120487799999,"Namibia":1043.97363413,"Nepal":804.8211219300001,"Netherlands":1480.37000002,"New Caledonia":1255.29634147,"New Zealand":1433.85121949,"Nicaragua":1060.65075611,"Niger":731.4146341300002,"Nigeria":822.18182926,"Norway":1484.49634148,"Oman":1005.23782928,"Pakistan":1039.7558048699998,"Panama":1308.14987805,"Papua New Guinea":907.5736097399999,"Paraguay":1306.91014635,"Peru":1066.94973172,"Philippines":1206.2998780399998,"Poland":1393.15853657,"Portugal":1333.8880487699996,"Puerto Rico":1425.91317074,"Qatar":1352.98700001,"Romania":1363.87278047,"Russian Federation":1352.2399512299999,"Rwanda":885.64960975,"Samoa":1094.3902440000004,"Sao Tome and Principe":1113.38341463,"Saudi Arabia":1059.66375608,"Senegal":816.64843903,"Sierra Leone":695.4988536600001,"Singapore":1369.2311219499998,"Slovak Republic":1406.6779756,"Slovenia":1387.0878048799998,"Solomon Islands":1083.1839024899998,"Somalia":814.3646585299999,"South Africa":1052.6949512200001,"South Sudan":710.57900002,"Spain":1436.1663414699997,"Sri Lanka":1277.4216341600002,"St. Lucia":1255.8511951199996,"St. Vincent and the Grenadines":1275.83034146,"Sudan":1034.18841463,"Suriname":1258.0021950999999,"Swaziland":963.6385609699998,"Sweden":1487.4053658399998,"Switzerland":1463.1624390300003,"Syrian Arab Republic":1177.8887805,"Tajikistan":1190.95268294,"Tanzania":934.7844634100002,"Thailand":1185.6787073,"Timor-Leste":722.23419513,"Togo":923.0722926599999,"Tonga":1291.31782926,"Trinidad and Tobago":1302.4798536600001,"Tunisia":1018.0952927100001,"Turkey":1037.024,"Turkmenistan":1157.63614634,"Uganda":956.76956097,"Ukraine":1392.57009758,"United Arab Emirates":1216.8861463499998,"United Kingdom":1440.54634144,"United States":1423.95121951,"Uruguay":1376.3613414700003,"Uzbekistan":1245.99626831,"Vanuatu":1043.77817072,"\"Venezuela, RB\"":1281.8879024299997,"Vietnam":1228.85921951,"Virgin Islands (U.S.)":1349.8810731899998,"\"Yemen, Rep.\"":818.83948779,"Zambia":974.6889268300001,"Zimbabwe":1097.4084877899998,"Israel":1151.9812195099998,"Bermuda":211.49243902999999,"Faeroe Islands":150.48292683,"Greenland":190.8192683}